-- data.sql
-- Populate restaurant_manager with 50 rows per table (locations, restaurants, want_to_try, have_tried, rating, experience, dish)
-- Adjust table/column names if your schema differs.

-- 1) Locations (50 rows)
INSERT INTO location (city, state) VALUES
('New York', 'NY'),
('Los Angeles', 'CA'),
('Chicago', 'IL'),
('Houston', 'TX'),
('Phoenix', 'AZ'),
('Philadelphia', 'PA'),
('San Antonio', 'TX'),
('San Diego', 'CA'),
('Dallas', 'TX'),
('San Jose', 'CA'),
('Austin', 'TX'),
('Jacksonville', 'FL'),
('Fort Worth', 'TX'),
('Columbus', 'OH'),
('Charlotte', 'NC'),
('San Francisco', 'CA'),
('Indianapolis', 'IN'),
('Seattle', 'WA'),
('Denver', 'CO'),
('Washington', 'DC'),
('Boston', 'MA'),
('El Paso', 'TX'),
('Nashville', 'TN'),
('Detroit', 'MI'),
('Oklahoma City', 'OK'),
('Portland', 'OR'),
('Las Vegas', 'NV'),
('Memphis', 'TN'),
('Louisville', 'KY'),
('Baltimore', 'MD'),
('Milwaukee', 'WI'),
('Albuquerque', 'NM'),
('Tucson', 'AZ'),
('Fresno', 'CA'),
('Mesa', 'AZ'),
('Sacramento', 'CA'),
('Atlanta', 'GA'),
('Kansas City', 'MO'),
('Colorado Springs', 'CO'),
('Raleigh', 'NC'),
('Omaha', 'NE'),
('Miami', 'FL'),
('Long Beach', 'CA'),
('Virginia Beach', 'VA'),
('Oakland', 'CA'),
('Minneapolis', 'MN'),
('Tulsa', 'OK'),
('Arlington', 'TX'),
('New Orleans', 'LA'),
('Wichita', 'KS');

-- 2) Restaurants (50 rows) — one per location above (location_id 1..50)
INSERT INTO restaurant (restaurant_name, location_id, type, cuisine) VALUES
('Manhattan Bistro', 1, 'Casual', 'American'),
('Sunset Grill', 2, 'Casual', 'Californian'),
('Lakefront Eats', 3, 'Casual', 'American'),
('Bayou Kitchen', 4, 'Family', 'Southern'),
('Desert Spice', 5, 'Casual', 'Mexican'),
('Liberty Diner', 6, 'Diner', 'American'),
('Riverwalk Tacos', 7, 'Fast Casual', 'Mexican'),
('Coastal Seafood', 8, 'Casual', 'Seafood'),
('Deep Ellum BBQ', 9, 'Casual', 'BBQ'),
('Silicon Nosh', 10, 'Cafe', 'International'),
('Austin Smokehouse', 11, 'BBQ', 'BBQ'),
('Jax Seafood & Grill', 12, 'Casual', 'Seafood'),
('Cowtown Steakhouse', 13, 'Steakhouse', 'American'),
('Buckeye Bistro', 14, 'Casual', 'American'),
('Queen City Kitchen', 15, 'Casual', 'American'),
('Fog City Café', 16, 'Cafe', 'Californian'),
('Hoosier House', 17, 'Casual', 'American'),
('Emerald City Eats', 18, 'Casual', 'Pacific Northwest'),
('MileHigh Eats', 19, 'Casual', 'American'),
('Capital Kitchen', 20, 'Upscale', 'American'),
('Beacon Hill Bistro', 21, 'Cafe', 'New American'),
('Borderland Taqueria', 22, 'Casual', 'Mexican'),
('Music City BBQ', 23, 'BBQ', 'BBQ'),
('Motor City Deli', 24, 'Deli', 'American'),
('Cowboy Steakhouse', 25, 'Steakhouse', 'American'),
('Bridge City Café', 26, 'Cafe', 'American'),
('Strip Eats', 27, 'Casual', 'Steakhouse'),
('Bluff City Burgers', 28, 'Casual', 'Burgers'),
('Derby Diner', 29, 'Diner', 'American'),
('Harbor Seafood', 30, 'Seafood', 'Seafood'),
('Cream City Café', 31, 'Cafe', 'American'),
('Desert Bloom', 32, 'Casual', 'Southwestern'),
('Cactus Grill', 33, 'Casual', 'Mexican'),
('Valley Bistro', 34, 'Casual', 'American'),
('East Valley Eatery', 35, 'Casual', 'American'),
('Capitol Eats', 36, 'Casual', 'American'),
('Peachtree Kitchen', 37, 'Upscale', 'Southern'),
('Plaza Grill', 38, 'Family', 'American'),
('Rocky Mountain Pizza', 39, 'Casual', 'Italian'),
('Raleigh Roots', 40, 'Casual', 'Southern'),
('Heartland BBQ', 41, 'BBQ', 'BBQ'),
('South Beach Bites', 42, 'Casual', 'Latin'),
('Harborview Eats', 43, 'Casual', 'Seafood'),
('Bay Area Bento', 44, 'Casual', 'Japanese'),
('Twin Cities Pub', 45, 'Pub', 'American'),
('Oil Patch Diner', 46, 'Diner', 'American'),
('Urban Grill', 47, 'Casual', 'Creole'),
('Wichita Wings', 48, 'Casual', 'Wings'),
('Crescent City Cafe', 49, 'Cafe', 'Cajun'),
('Prairie Fire Grill', 50, 'Casual', 'American');

-- 3) WantToTry (50 rows) — reference restaurants 1..50
INSERT INTO want_to_try (restaurant_id) VALUES
(1),(2),(3),(4),(5),(6),(7),(8),(9),(10),
(11),(12),(13),(14),(15),(16),(17),(18),(19),(20),
(21),(22),(23),(24),(25),(26),(27),(28),(29),(30),
(31),(32),(33),(34),(35),(36),(37),(38),(39),(40),
(41),(42),(43),(44),(45),(46),(47),(48),(49),(50);

-- 4) HaveTried (50 rows) — reference restaurants 1..50
INSERT INTO have_tried (restaurant_id) VALUES
(1),(2),(3),(4),(5),(6),(7),(8),(9),(10),
(11),(12),(13),(14),(15),(16),(17),(18),(19),(20),
(21),(22),(23),(24),(25),(26),(27),(28),(29),(30),
(31),(32),(33),(34),(35),(36),(37),(38),(39),(40),
(41),(42),(43),(44),(45),(46),(47),(48),(49),(50);

-- Note: the have_tried rows will get IDs 1..50 (if table empty). Ratings, experiences, dishes below reference those have_tried ids.

-- 5) Ratings (50 rows)
INSERT INTO rating (have_tried_id, food_rating, vibe_rating, rating_description) VALUES
(1,5,4,'Excellent flavors, great service'),
(2,4,4,'Very good, recommended'),
(3,3,3,'Okay experience, decent food'),
(4,4,5,'Fantastic vibe and solid food'),
(5,5,5,'Standout Mexican dishes'),
(6,3,4,'Classic diner feel, good portions'),
(7,4,3,'Tasty tacos but a bit spicy'),
(8,5,5,'Top-notch seafood'),
(9,4,4,'Great BBQ, friendly staff'),
(10,4,4,'Trendy and tasty'),
(11,5,5,'Authentic smoked brisket'),
(12,4,4,'Fresh seafood and drinks'),
(13,4,3,'Hearty steaks, good value'),
(14,3,3,'Comfort food, average service'),
(15,4,4,'Solid brunch spot'),
(16,5,4,'Excellent coffee and pastries'),
(17,3,3,'Simple, good for a quick bite'),
(18,5,5,'Outstanding local produce'),
(19,4,4,'Good portion sizes'),
(20,4,4,'Well-prepared modern dishes'),
(21,5,5,'Cozy, great breakfast'),
(22,4,3,'Tasty border-style tacos'),
(23,5,4,'BBQ with character'),
(24,3,3,'Deli sandwiches were okay'),
(25,4,4,'Steak done right'),
(26,3,4,'Nice cafe, quiet atmosphere'),
(27,4,4,'Good steaks, busy nights'),
(28,3,4,'Great burger selections'),
(29,4,4,'Comforting diner classics'),
(30,5,5,'Seafood with fresh catch'),
(31,3,3,'Casual, friendly staff'),
(32,4,4,'Southwestern flavors well done'),
(33,4,3,'Good tacos and salsas'),
(34,3,3,'Neighborhood spot, reliable'),
(35,4,4,'Family-friendly menu'),
(36,5,4,'Great local ingredients'),
(37,4,4,'Southern comfort food'),
(38,3,3,'Simple, tasty plates'),
(39,4,4,'Good pizza and beer choices'),
(40,4,3,'Local favorites, nice atmosphere'),
(41,5,5,'Excellent BBQ and sides'),
(42,4,4,'Vibrant latin flavors'),
(43,4,3,'Nice harbor view, fresh fish'),
(44,5,4,'Creative Japanese bowls'),
(45,4,4,'Classic pub menu, good drinks'),
(46,3,3,'No-frills diner, solid breakfast'),
(47,4,4,'Great creole flavors and spice'),
(48,4,3,'Crispy wings, good sauces'),
(49,5,5,'Chef-driven tasting menu'),
(50,4,4,'Cozy café with local produce');

-- 6) Experiences (50 rows)
INSERT INTO experience (have_tried_id, date, description) VALUES
(1,'2024-01-15','Dinner with colleagues, great portions'),
(2,'2024-03-22','Lunch; quick service'),
(3,'2023-11-05','Casual dinner, average service'),
(4,'2025-06-18','Anniversary dinner, excellent atmosphere'),
(5,'2024-07-04','Spicy favorites, great margaritas'),
(6,'2024-02-20','Late-night diner visit'),
(7,'2023-12-09','Taco Tuesday special'),
(8,'2024-08-10','Seafood feast by the water'),
(9,'2024-05-01','BBQ sampler and sides'),
(10,'2024-09-12','Startup meetup lunch'),
(11,'2025-01-28','Brisket was outstanding'),
(12,'2024-11-23','Family outting, lots of options'),
(13,'2023-10-03','Birthday steak dinner'),
(14,'2024-04-07','Comfort food on a rainy day'),
(15,'2024-06-01','Weekend brunch, long wait but worth it'),
(16,'2024-08-21','Morning pastries and coffee'),
(17,'2023-09-14','Quick sandwich at lunch'),
(18,'2025-02-10','Chef special tasting'),
(19,'2024-12-25','Holiday dinner with friends'),
(20,'2024-10-31','Business dinner, good ambiance'),
(21,'2023-08-18','Late breakfast, loved the eggs benedict'),
(22,'2024-03-03','Street tacos and fresh salsa'),
(23,'2024-07-19','BBQ competition weekend'),
(24,'2023-11-30','Deli sandwich after game'),
(25,'2024-02-02','Steakhouse for celebration'),
(26,'2025-01-06','Cafe meetup, calm environment'),
(27,'2024-05-21','Specials on weekends'),
(28,'2023-12-20','Holiday burger special'),
(29,'2024-09-01','Diner comfort food, nostalgic'),
(30,'2024-08-05','Seafood festival sampler'),
(31,'2024-03-11','Visited during vacation'),
(32,'2024-05-14','Southwest flavors, loved the sides'),
(33,'2023-10-29','Tacos during lunch rush'),
(34,'2024-01-02','Quiet neighborhood dinner'),
(35,'2024-04-17','Family dinner night'),
(36,'2024-06-25','Local farm-to-table menu'),
(37,'2024-11-11','Southern comfort dishes'),
(38,'2024-12-02','Simple supper after show'),
(39,'2025-02-01','Pizza and local brew'),
(40,'2023-09-25','Date night local favorite'),
(41,'2024-07-29','BBQ special with friends'),
(42,'2024-08-30','Latin flavors at festival'),
(43,'2023-11-07','Harbor dinner with sunset'),
(44,'2024-10-02','Sushi bowls to-go'),
(45,'2024-03-27','Pub night with live music'),
(46,'2023-12-05','Good retro diner breakfasts'),
(47,'2025-01-15','Creole brunch for Sunday'),
(48,'2024-06-30','Wing night with coworkers'),
(49,'2024-09-15','Chef tasting menu experience'),
(50,'2024-11-01','Cozy café for afternoon tea');

-- 7) Dishes (50 rows)
INSERT INTO dish (have_tried_id, dish_name, food_description) VALUES
(1,'New York Strip','Grilled strip with garlic butter'),
(2,'California Roll','Fresh roll with avocado and crab'),
(3,'Deep Dish Slice','Hearty cheese and sausage pizza'),
(4,'Bayou Gumbo','Rich seafood gumbo with okra'),
(5,'Carne Asada','Marinated steak tacos'),
(6,'Pancake Stack','Fluffy pancakes with syrup'),
(7,'Al Pastor Taco','Slow-roasted marinated pork'),
(8,'Grilled Halibut','Citrus butter and seasonal veg'),
(9,'Smoked Brisket','Tender smoked brisket, house sauce'),
(10,'Fusion Bowl','Seasonal vegetables and grains'),
(11,'Smoked Ribs','Fall-off-the-bone ribs'),
(12,'Cedar Plank Salmon','Smoked salmon and herb butter'),
(13,'Ribeye','Prime ribeye, charred to order'),
(14,'Mac & Cheese','Creamy baked mac and cheese'),
(15,'Avocado Toast','Toasted sourdough with avocado mash'),
(16,'Almond Croissant','Buttery layered pastry'),
(17,'Hot Ham & Cheese','Classic hot ham sandwich'),
(18,'Local Salad','Mixed greens with roasted beets'),
(19,'Bison Burger','Lean bison with cheddar'),
(20,'Seared Scallops','Butternut puree, microgreens'),
(21,'Eggs Benedict','Classic eggs benedict with hollandaise'),
(22,'Street Tacos','Three corn tortillas with salsa verde'),
(23,'Pulled Pork','Slow-cooked with house BBQ sauce'),
(24,'Reuben','Corned beef, sauerkraut, rye bread'),
(25,'Filet Mignon','Tender filet with herb butter'),
(26,'Quiche Lorraine','Savory quiche with bacon'),
(27,'Surf & Turf','Steak and shrimp combo'),
(28,'Bacon Cheeseburger','Smash burger and crispy bacon'),
(29,'Chicken Pot Pie','Comforting pot pie with flaky crust'),
(30,'Lobster Roll','Fresh lobster in toasted roll'),
(31,'Creamy Chowder','Seafood chowder with cream'),
(32,'Enchiladas','Cheese enchiladas with red sauce'),
(33,'Fish Tacos','Grilled fish with cabbage slaw'),
(34,'Meatloaf','Classic meatloaf with mashed potatoes'),
(35,'Fried Chicken','Southern-style fried chicken'),
(36,'Beet Salad','Roasted beets, goat cheese, greens'),
(37,'Shrimp & Grits','Creamy grits and spicy shrimp'),
(38,'Pot Roast','Slow braised pot roast with veg'),
(39,'Margherita Pizza','Tomato, basil, fresh mozzarella'),
(40,'BBQ Chicken','Smoky barbecue chicken plate'),
(41,'Brisket Sandwich','Sliced brisket with pickles'),
(42,'Ceviche','Citrus-cured fish with chips'),
(43,'Oysters Rockefeller','Baked oysters with spinach'),
(44,'Teriyaki Bowl','Rice bowl with grilled chicken'),
(45,'Fish & Chips','Crispy beer-battered cod'),
(46,'Biscuits & Gravy','Southern biscuits smothered in gravy'),
(47,'Shrimp Creole','Spicy tomato-based seafood stew'),
(48,'Buffalo Wings','Crispy wings with blue cheese'),
(49,'Tasting Menu','Chef set menu, seasonal courses'),
(50,'Scone & Tea','House scone with jam and clotted cream');