-- testdata.sql
USE restaurant_manager;

-- 50 Locations
INSERT INTO location (city, state) VALUES
('City1','ST'),
('City2','ST'),
('City3','ST'),
('City4','ST'),
('City5','ST'),
('City6','ST'),
('City7','ST'),
('City8','ST'),
('City9','ST'),
('City10','ST'),
('City11','ST'),
('City12','ST'),
('City13','ST'),
('City14','ST'),
('City15','ST'),
('City16','ST'),
('City17','ST'),
('City18','ST'),
('City19','ST'),
('City20','ST'),
('City21','ST'),
('City22','ST'),
('City23','ST'),
('City24','ST'),
('City25','ST'),
('City26','ST'),
('City27','ST'),
('City28','ST'),
('City29','ST'),
('City30','ST'),
('City31','ST'),
('City32','ST'),
('City33','ST'),
('City34','ST'),
('City35','ST'),
('City36','ST'),
('City37','ST'),
('City38','ST'),
('City39','ST'),
('City40','ST'),
('City41','ST'),
('City42','ST'),
('City43','ST'),
('City44','ST'),
('City45','ST'),
('City46','ST'),
('City47','ST'),
('City48','ST'),
('City49','ST'),
('City50','ST');

-- 50 Restaurants (rotate locations)
INSERT INTO restaurant (restaurant_name, location_id, type, cuisine) VALUES
('Alpha Bistro', 1, 'Dine-in', 'American'),
('Beta Noodle', 2, 'Dine-in', 'Chinese'),
('Gamma Grill', 3, 'Dine-in', 'BBQ'),
('Delta Deli', 4, 'Takeaway', 'Deli'),
('Epsilon Eats', 5, 'Dine-in', 'Italian'),
('Zeta Pizza', 6, 'Delivery', 'Italian'),
('Eta Sushi', 7, 'Dine-in', 'Japanese'),
('Theta Tacos', 8, 'Dine-in', 'Mexican'),
('Iota Cafe', 9, 'Cafe', 'Cafe'),
('Kappa Kebab',10, 'Takeaway', 'Mediterranean'),
('Lambda Lounge',11, 'Dine-in', 'Indian'),
('Mu Meals',12, 'Dine-in', 'Thai'),
('Nu Noms',13, 'Dine-in', 'Greek'),
('Xi Xpress',14, 'Fast-Food', 'Burgers'),
('Omicron Oyster',15, 'Dine-in', 'Seafood'),
('Pi Pizzeria',16, 'Delivery', 'Italian'),
('Rho Ramen',17, 'Dine-in', 'Japanese'),
('Sigma Steakhouse',18, 'Dine-in', 'Steakhouse'),
('Tau Tapas',19, 'Dine-in', 'Spanish'),
('Upsilon Udon',20, 'Dine-in', 'Japanese'),
('Phi Pho',21, 'Dine-in', 'Vietnamese'),
('Chi Chicken',22, 'Fast-Food', 'Fried Chicken'),
('Psi Sushi Bar',23, 'Dine-in', 'Japanese'),
('Omega Omelette',24, 'Cafe', 'Breakfast'),
('A1 Asian',25, 'Dine-in', 'Asian Fusion'),
('B2 BBQ',26, 'Dine-in', 'BBQ'),
('C3 Crepes',27, 'Cafe', 'French'),
('D4 Dumplings',28, 'Dine-in', 'Chinese'),
('E5 Eatery',29, 'Dine-in', 'Comfort Food'),
('F6 Fish & Chips',30, 'Takeaway', 'British'),
('G7 Grill House',31, 'Dine-in', 'Bar & Grill'),
('H8 Healthy',32, 'Cafe', 'Healthy'),
('I9 Ice Cream',33, 'Takeaway', 'Dessert'),
('J10 Juice Bar',34, 'Cafe', 'Smoothies'),
('K11 Kitchen',35, 'Dine-in', 'Fusion'),
('L12 Lounge',36, 'Dine-in', 'Tapas'),
('M13 Market',37, 'Dine-in', 'Farm-to-Table'),
('N14 Noodle House',38, 'Dine-in', 'Chinese'),
('O15 Orchard',39, 'Dine-in', 'Vegetarian'),
('P16 Pub',40, 'Dine-in', 'Pub Grub'),
('Q17 QuickBites',41, 'Fast-Food', 'Burgers'),
('R18 Rosticceria',42, 'Takeaway', 'Italian'),
('S19 Sushi Express',43, 'Delivery', 'Japanese'),
('T20 Thai Place',44, 'Dine-in', 'Thai'),
('U21 Urban Grill',45, 'Dine-in', 'Steakhouse'),
('V22 Vegan Delight',46, 'Dine-in', 'Vegan'),
('W23 Wings',47, 'Fast-Food', 'Wings'),
('X24 Xocolat',48, 'Cafe', 'Chocolate Dessert'),
('Y25 Yiros',49, 'Dine-in', 'Greek'),
('Z26 Zaika',50, 'Dine-in', 'Indian');

-- 50 WantToTry (one per restaurant)
INSERT INTO want_to_try (restaurant_id) VALUES
(1),(2),(3),(4),(5),(6),(7),(8),(9),(10),
(11),(12),(13),(14),(15),(16),(17),(18),(19),(20),
(21),(22),(23),(24),(25),(26),(27),(28),(29),(30),
(31),(32),(33),(34),(35),(36),(37),(38),(39),(40),
(41),(42),(43),(44),(45),(46),(47),(48),(49),(50);

-- 50 HaveTried (one per restaurant)
INSERT INTO have_tried (restaurant_id) VALUES
(1),(2),(3),(4),(5),(6),(7),(8),(9),(10),
(11),(12),(13),(14),(15),(16),(17),(18),(19),(20),
(21),(22),(23),(24),(25),(26),(27),(28),(29),(30),
(31),(32),(33),(34),(35),(36),(37),(38),(39),(40),
(41),(42),(43),(44),(45),(46),(47),(48),(49),(50);

-- 50 Ratings (one per have_tried)
INSERT INTO rating (have_tried_id, food_rating, vibe_rating, rating_description) VALUES
(1,5,4,'Excellent food, pleasant vibe'),
(2,4,3,'Tasty, a little noisy'),
(3,3,3,'Average but ok'),
(4,4,5,'Great service and atmosphere'),
(5,5,5,'Fantastic dining experience'),
(6,4,4,'Good pizza and service'),
(7,5,4,'Fresh sushi and friendly staff'),
(8,4,3,'Good tacos, affordable'),
(9,3,4,'Cozy cafe, decent coffee'),
(10,4,4,'great kebab'),
(11,5,5,'Incredible flavors'),
(12,4,4,'Solid Thai food'),
(13,3,3,'Good enough'),
(14,2,2,'Fast but low quality'),
(15,5,5,'Seafood was exceptional'),
(16,4,3,'Pizza arrived late but tasty'),
(17,5,4,'Ramen was excellent'),
(18,5,5,'Perfect steak'),
(19,4,4,'Nice tapas'),
(20,4,3,'Udon was good'),
(21,5,4,'Delicious pho'),
(22,3,2,'Okay fried chicken'),
(23,5,5,'Sushi bar is top notch'),
(24,4,4,'Good breakfast options'),
(25,4,3,'Interesting fusion menu'),
(26,5,5,'BBQ lover\'s dream'),
(27,4,4,'Delicious crepes'),
(28,3,3,'Dumplings were decent'),
(29,4,4,'Comfort food hit the mark'),
(30,3,3,'Classic fish & chips'),
(31,4,4,'Great grill selection'),
(32,4,4,'Healthy choices, tasty'),
(33,3,5,'Ice cream was amazing'),
(34,3,3,'Juices were ok'),
(35,4,4,'Fun fusion dishes'),
(36,4,4,'Lively lounge vibes'),
(37,5,4,'Market-fresh produce shines'),
(38,4,4,'Noodles were solid'),
(39,5,4,'Excellent vegetarian options'),
(40,4,4,'Pub grub was satisfying'),
(41,3,2,'Fast but mediocre burger'),
(42,4,4,'Traditional Italian fare'),
(43,4,3,'Sushi delivery decent'),
(44,5,4,'Authentic Thai flavors'),
(45,5,4,'Great steak and sides'),
(46,5,5,'Fantastic vegan food'),
(47,4,3,'Wings had good sauce'),
(48,3,4,'Decadent desserts'),
(49,4,4,'Greek food was authentic'),
(50,5,5,'Spicy and well-seasoned Indian');

-- 50 Experiences (one per have_tried)
INSERT INTO experience (have_tried_id, `date`, description) VALUES
(1,'2023-01-10','Dinner with friends, memorable starters'),
(2,'2023-02-15','Solo lunch, quick service'),
(3,'2023-03-20','Family dinner, large portions'),
(4,'2023-04-05','Takeaway during meeting'),
(5,'2023-05-12','Anniversary dinner'),
(6,'2023-06-07','Late night pizza run'),
(7,'2023-07-11','Sushi date night'),
(8,'2023-08-03','Late lunch after shopping'),
(9,'2023-09-01','Weekend coffee and pastry'),
(10,'2023-09-15','Kebab after concert'),
(11,'2023-10-03','Birthday celebration'),
(12,'2023-10-25','Quick Thai lunch'),
(13,'2023-11-08','Casual dinner with colleagues'),
(14,'2023-11-20','Grabbed takeout on the go'),
(15,'2023-12-01','Seafood feast for family'),
(16,'2023-12-18','Drive-thru pizza'),
(17,'2024-01-05','Cozy ramen on cold day'),
(18,'2024-01-20','Date night steakhouse'),
(19,'2024-02-02','Tapas with a group'),
(20,'2024-02-14','Valentine\'s Day dinner'),
(21,'2024-03-01','Pho after a long hike'),
(22,'2024-03-11','Fried chicken takeout'),
(23,'2024-03-22','Sushi with coworkers'),
(24,'2024-04-02','Brunch on a weekend'),
(25,'2024-04-17','Tried fusion dishes for the first time'),
(26,'2024-05-05','BBQ at noon, great ribs'),
(27,'2024-05-18','Sweet crepes at market'),
(28,'2024-06-03','Dumpling sampler night'),
(29,'2024-06-21','Comfort food cured the blues'),
(30,'2024-07-01','Beachside fish & chips'),
(31,'2024-07-10','Grill night with friends'),
(32,'2024-07-23','Healthy bowls for lunch'),
(33,'2024-08-05','Ice cream with kids'),
(34,'2024-08-19','Post-workout juices'),
(35,'2024-09-02','Experimented with fusion menu'),
(36,'2024-09-12','Night out at the lounge'),
(37,'2024-09-29','Farm-to-table dinner'),
(38,'2024-10-08','Noodle house family night'),
(39,'2024-10-20','Vegetarian tasting menu'),
(40,'2024-11-02','Pub night with trivia'),
(41,'2024-11-16','Quick burger via app'),
(42,'2024-11-28','Traditional roasts at deli'),
(43,'2024-12-09','Sushi for holiday party'),
(44,'2024-12-22','Thai family dinner'),
(45,'2025-01-06','Steakhouse celebration'),
(46,'2025-01-15','Vegan food festival stop'),
(47,'2025-01-21','Wings and beer night'),
(48,'2025-01-25','Decadent chocolate dessert'),
(49,'2025-01-28','Greek dinner downtown'),
(50,'2025-01-30','Spicy Indian feast');

-- 50 Dishes (one per have_tried)
INSERT INTO dish (have_tried_id, dish_name, food_description) VALUES
(1,'Starter Platter','Mix of the best starters'),
(2,'Spicy Noodles','Noodles with chili oil'),
(3,'BBQ Platter','Smoked meats and sides'),
(4,'Club Sandwich','Classic deli sandwich'),
(5,'Pasta Carbonara','Creamy pasta with guanciale'),
(6,'Margherita','Classic pizza with fresh basil'),
(7,'Salmon Nigiri','Fresh salmon slices'),
(8,'Al Pastor Taco','Pork with pineapple'),
(9,'Flat White','Smooth coffee brew'),
(10,'Lamb Kebab','Seasoned lamb on skewer'),
(11,'Butter Chicken','Creamy spiced curry'),
(12,'Pad Thai','Stir-fried rice noodles'),
(13,'Moussaka','Layered eggplant and lamb'),
(14,'Cheeseburger','Single patty burger'),
(15,'Lobster Roll','Chunky lobster in butter'),
(16,'Pepperoni','Pepperoni pizza'),
(17,'Tonkotsu Ramen','Rich pork broth ramen'),
(18,'Ribeye Steak','12oz ribeye, charred'),
(19,'Patatas Bravas','Crispy potatoes and sauce'),
(20,'Tempura Udon','Udon with tempura'),
(21,'Beef Pho','Fragrant Vietnamese noodle soup'),
(22,'Spicy Chicken','Crispy fried chicken'),
(23,'Sushi Platter','Assorted nigiri and rolls'),
(24,'Eggs Benedict','Poached eggs & hollandaise'),
(25,'Fusion Bowl','Grains, greens & proteins'),
(26,'Smoked Brisket','Slow cooked brisket'),
(27,'Nutella Crepe','Sweet crepe with Nutella'),
(28,'Pork Dumplings','Steamed dumpling sampler'),
(29,'Meatloaf','Comfort-style meatloaf'),
(30,'Cod & Chips','Beer-battered cod with fries'),
(31,'Mixed Grill','Chicken, steak, sausage'),
(32,'Quinoa Bowl','Quinoa, avocado, roasted veg'),
(33,'Double Scoop','Two scoops with sauces'),
(34,'Green Detox','Green juice with kale'),
(35,'Fusion Tasting','Chef\'s tasting set'),
(36,'Tapas Trio','Three small plates'),
(37,'Farm Salad','Seasonal vegetables & vinaigrette'),
(38,'Chow Mein','Stir-fried noodles and veg'),
(39,'Grilled Portobello','Marinated mushroom steak'),
(40,'Bangers & Mash','Sausage and mashed potato'),
(41,'Double Cheeseburger','Two beef patties'),
(42,'Porchetta Panini','Italian roast pork'),
(43,'Spicy Tuna Roll','Roll with spicy mayo'),
(44,'Green Curry','Coconut green curry with tofu'),
(45,'Surf & Turf','Steak and shrimp combo'),
(46,'Tofu Steak','Crispy tofu with glaze'),
(47,'Buffalo Wings','Crispy wings with sauce'),
(48,'Chocolate Lava Cake','Warm cake with molten center'),
(49,'Souvlaki','Pita with grilled meat'),
(50,'Chicken Tikka Masala','Spiced tomato cream curry');
